<?xml version="1.0" encoding="UTF-8"?>
<project-private xmlns="http://www.netbeans.org/ns/project-private/1">
    <data xmlns="http://www.netbeans.org/ns/make-project-private/1">
        <activeConfTypeElem>1</activeConfTypeElem>
        <activeConfIndexElem>0</activeConfIndexElem>
    </data>
    <editor-bookmarks xmlns="http://www.netbeans.org/ns/editor-bookmarks/1"/>
    <editor-bookmarks xmlns="http://www.netbeans.org/ns/editor-bookmarks/2" lastBookmarkId="0"/>
    <open-files xmlns="http://www.netbeans.org/ns/projectui-open-files/2">
        <group>
            <file>file:/D:/Bilal%20Fiver/JediSushi/Midterm/2020_Summer_CSC_CIS_17a-master/Book/Midterm/StatStructureStub/main.cpp</file>
            <file>file:/D:/Bilal%20Fiver/JediSushi/Midterm/2020_Summer_CSC_CIS_17a-master/Book/Midterm/StatStructureStub/Array.h</file>
            <file>file:/D:/Bilal%20Fiver/JediSushi/Midterm/2020_Summer_CSC_CIS_17a-master/Book/Midterm/StatStructureStub/Stats.h</file>
        </group>
    </open-files>
</project-private>
